{"stats":{"minecraft:mined":{"minecraft:crafting_table":1,"minecraft:grass":10,"minecraft:oak_log":111,"minecraft:grass_block":10,"minecraft:coal_ore":15,"minecraft:dirt":6,"minecraft:stone":33,"minecraft:oak_leaves":8},"minecraft:crafted":{"minecraft:cooked_beef":2,"minecraft:oak_planks":44,"minecraft:crafting_table":2,"minecraft:stick":16,"minecraft:wooden_pickaxe":1,"minecraft:wooden_axe":3,"minecraft:furnace":1,"minecraft:air":0},"minecraft:custom":{"minecraft:time_since_rest":20210,"minecraft:interact_with_furnace":8,"minecraft:sprint_one_cm":55222,"minecraft:damage_taken":120,"minecraft:walk_one_cm":33009,"minecraft:mob_kills":4,"minecraft:drop":3,"minecraft:damage_dealt":404,"minecraft:interact_with_crafting_table":4,"minecraft:fly_one_cm":27596,"minecraft:crouch_one_cm":10562,"minecraft:play_time":20210,"minecraft:sneak_time":3388,"minecraft:jump":239,"minecraft:leave_game":3,"minecraft:time_since_death":20210,"minecraft:total_world_time":20210,"minecraft:fall_one_cm":7509},"minecraft:killed":{"minecraft:cow":4},"minecraft:picked_up":{"minecraft:stick":28,"minecraft:crafting_table":1,"minecraft:cooked_beef":1,"minecraft:leather":4,"minecraft:oak_log":110,"minecraft:dirt":17,"man:cassette_1safetyinstructions":1,"minecraft:apple":7,"minecraft:wheat_seeds":1,"minecraft:beef":5,"scalinghealth:cursed_heart":1,"minecraft:oak_sapling":47,"minecraft:coal":15,"minecraft:cobblestone":31},"minecraft:dropped":{"minecraft:oak_log":32,"scalinghealth:cursed_heart":1,"man:cassette_1safetyinstructions":1},"minecraft:broken":{"minecraft:wooden_axe":1},"minecraft:used":{"minecraft:oak_log":3,"minecraft:wooden_axe":120,"minecraft:apple":3,"minecraft:wooden_pickaxe":48,"minecraft:dirt":14,"minecraft:crafting_table":2,"minecraft:furnace":1,"minecraft:cooked_beef":2}},"DataVersion":3465}