{"stats":{"minecraft:mined":{"minecraft:crafting_table":1,"minecraft:torch":1,"gravestone:gravestone":1,"biomesoplenty:bush":1,"minecraft:grass_block":10,"minecraft:cobblestone":1,"minecraft:composter":3,"minecraft:oak_planks":2,"minecraft:diorite":16,"minecraft:wall_torch":5,"minecraft:carrots":1,"minecraft:iron_ore":38,"minecraft:fire":1,"minecraft:andesite":6,"minecraft:anvil":1,"minecraft:yellow_bed":1,"minecraft:peony":1,"minecraft:grass":17,"minecraft:coal_ore":45,"minecraft:oak_log":111,"minecraft:water_cauldron":3,"croptopia:blackberry_crop":1,"minecraft:dirt":6,"minecraft:stone":121,"minecraft:oak_leaves":10},"minecraft:crafted":{"minecraft:cooked_beef":2,"minecraft:oak_planks":116,"minecraft:cooked_porkchop":3,"minecraft:crafting_table":2,"minecraft:wooden_pickaxe":1,"minecraft:furnace":1,"minecraft:stone_axe":1,"minecraft:air":0,"minecraft:oak_boat":1,"minecraft:stick":16,"minecraft:stone_pickaxe":2,"minecraft:wooden_axe":3,"minecraft:chest":7,"minecraft:torch":36},"minecraft:custom":{"minecraft:interact_with_furnace":18,"minecraft:mob_kills":29,"minecraft:interact_with_crafting_table":10,"minecraft:interact_with_stonecutter":1,"minecraft:leave_game":4,"minecraft:time_since_death":38662,"minecraft:sleep_in_bed":5,"minecraft:time_since_rest":10978,"minecraft:sprint_one_cm":196071,"minecraft:damage_taken":1060,"minecraft:walk_one_cm":148362,"minecraft:drop":14,"minecraft:damage_dealt":3841,"minecraft:talked_to_villager":4,"minecraft:swim_one_cm":17215,"minecraft:fly_one_cm":250059,"minecraft:open_chest":24,"minecraft:crouch_one_cm":32147,"minecraft:play_time":83362,"minecraft:deaths":1,"minecraft:sneak_time":10716,"minecraft:walk_under_water_one_cm":7277,"minecraft:jump":1405,"minecraft:walk_on_water_one_cm":4695,"minecraft:interact_with_smoker":1,"minecraft:total_world_time":83362,"minecraft:fall_one_cm":34474},"minecraft:killed":{"minecraft:pig":10,"minecraft:spider":1,"minecraft:sheep":6,"minecraft:zombie":2,"minecraft:cow":10},"minecraft:killed_by":{"minecraft:skeleton":1},"minecraft:picked_up":{"minecraft:crafting_table":1,"minecraft:cooked_beef":1,"minecraft:anvil":1,"croptopia:grape_seed":2,"minecraft:andesite":6,"minecraft:leather":11,"minecraft:oak_log":110,"gravestone:obituary":1,"minecraft:yellow_bed":1,"minecraft:dirt":17,"man:cassette_1safetyinstructions":1,"minecraft:apple":7,"minecraft:wheat_seeds":2,"minecraft:beef":19,"minecraft:stone_pickaxe":1,"scalinghealth:power_crystal_shard":14,"minecraft:oak_planks":2,"minecraft:stick":31,"minecraft:raw_iron":74,"minecraft:cooked_porkchop":2,"minecraft:composter":3,"minecraft:torch":5,"minecraft:porkchop":21,"minecraft:diorite":15,"minecraft:cauldron":3,"easy_villagers:villager":1,"artifacts:plastic_drinking_hat":1,"minecraft:rotten_flesh":1,"minecraft:bread":79,"scalinghealth:cursed_heart":1,"minecraft:oak_sapling":47,"minecraft:mutton":10,"minecraft:coal":53,"minecraft:white_wool":6,"minecraft:cobblestone":114},"minecraft:dropped":{"minecraft:oak_log":32,"scalinghealth:cursed_heart":1,"minecraft:cooked_porkchop":1,"minecraft:composter":3,"minecraft:raw_iron":37,"man:cassette_1safetyinstructions":1,"scalinghealth:power_crystal_shard":7,"minecraft:stick":3,"croptopia:grape_seed":2,"minecraft:iron_chestplate":1,"minecraft:wooden_axe":2,"gravestone:obituary":1,"minecraft:stone_pickaxe":1},"minecraft:broken":{"minecraft:stone_pickaxe":1,"minecraft:wooden_axe":1,"minecraft:wooden_pickaxe":1},"minecraft:used":{"minecraft:diorite":8,"minecraft:stone_pickaxe":173,"minecraft:oak_planks":16,"minecraft:chest":7,"minecraft:wooden_pickaxe":59,"minecraft:iron_sword":22,"minecraft:rotten_flesh":1,"minecraft:iron_chestplate":1,"minecraft:torch":27,"minecraft:dirt":14,"minecraft:anvil":1,"minecraft:crafting_table":3,"minecraft:oak_log":3,"minecraft:wooden_axe":120,"minecraft:apple":7,"minecraft:bread":2,"minecraft:iron_pickaxe":1,"minecraft:stone_axe":27,"minecraft:cobblestone":9,"minecraft:furnace":1,"minecraft:cooked_porkchop":4,"minecraft:andesite":6,"minecraft:oak_boat":1,"minecraft:yellow_bed":1,"minecraft:cooked_beef":3}},"DataVersion":3465}