{"stats":{"minecraft:picked_up":{"minecraft:stick":28,"minecraft:leather":4,"minecraft:oak_log":110,"minecraft:dirt":17,"man:cassette_1safetyinstructions":1,"minecraft:apple":7,"minecraft:wheat_seeds":1,"minecraft:beef":5,"scalinghealth:cursed_heart":1,"minecraft:oak_sapling":47,"minecraft:coal":15,"minecraft:cobblestone":20},"minecraft:custom":{"minecraft:time_since_rest":16028,"minecraft:interact_with_furnace":4,"minecraft:sprint_one_cm":54432,"minecraft:damage_taken":110,"minecraft:walk_one_cm":27782,"minecraft:mob_kills":4,"minecraft:drop":2,"minecraft:damage_dealt":404,"minecraft:interact_with_crafting_table":4,"minecraft:fly_one_cm":27265,"minecraft:crouch_one_cm":6709,"minecraft:play_time":16028,"minecraft:sneak_time":2009,"minecraft:jump":225,"minecraft:leave_game":3,"minecraft:time_since_death":16028,"minecraft:total_world_time":16028,"minecraft:fall_one_cm":7240},"minecraft:killed":{"minecraft:cow":4},"minecraft:crafted":{"minecraft:cooked_beef":2,"minecraft:oak_planks":44,"minecraft:crafting_table":2,"minecraft:stick":16,"minecraft:wooden_pickaxe":1,"minecraft:wooden_axe":3,"minecraft:furnace":1,"minecraft:air":0},"minecraft:mined":{"minecraft:grass":10,"minecraft:coal_ore":15,"minecraft:grass_block":10,"minecraft:oak_log":111,"minecraft:dirt":6,"minecraft:stone":20,"minecraft:oak_leaves":8},"minecraft:used":{"minecraft:oak_log":3,"minecraft:wooden_axe":119,"minecraft:apple":3,"minecraft:wooden_pickaxe":35,"minecraft:dirt":14,"minecraft:crafting_table":2,"minecraft:furnace":1,"minecraft:cooked_beef":2},"minecraft:dropped":{"minecraft:oak_log":32,"man:cassette_1safetyinstructions":1},"minecraft:broken":{"minecraft:wooden_axe":1}},"DataVersion":3465}