{"stats":{"minecraft:mined":{"minecraft:iron_ore":33,"minecraft:andesite":6,"minecraft:anvil":1,"minecraft:yellow_bed":1,"minecraft:crafting_table":1,"minecraft:grass":10,"minecraft:oak_log":111,"minecraft:grass_block":10,"minecraft:coal_ore":45,"minecraft:dirt":6,"minecraft:stone":118,"minecraft:wall_torch":3,"minecraft:diorite":15,"minecraft:oak_leaves":8},"minecraft:crafted":{"minecraft:cooked_beef":2,"minecraft:oak_planks":44,"minecraft:crafting_table":2,"minecraft:stick":16,"minecraft:wooden_pickaxe":1,"minecraft:stone_pickaxe":2,"minecraft:wooden_axe":3,"minecraft:furnace":1,"minecraft:torch":36,"minecraft:stone_axe":1,"minecraft:air":0},"minecraft:custom":{"minecraft:time_since_rest":44210,"minecraft:interact_with_furnace":10,"minecraft:sprint_one_cm":84785,"minecraft:damage_taken":819,"minecraft:walk_one_cm":70605,"minecraft:mob_kills":6,"minecraft:drop":6,"minecraft:damage_dealt":1077,"minecraft:interact_with_crafting_table":6,"minecraft:fly_one_cm":69629,"minecraft:crouch_one_cm":27108,"minecraft:play_time":44210,"minecraft:walk_under_water_one_cm":5226,"minecraft:sneak_time":9088,"minecraft:jump":540,"minecraft:leave_game":3,"minecraft:walk_on_water_one_cm":693,"minecraft:time_since_death":44210,"minecraft:total_world_time":44210,"minecraft:fall_one_cm":13909},"minecraft:killed":{"minecraft:zombie":1,"minecraft:spider":1,"minecraft:cow":4},"minecraft:picked_up":{"minecraft:raw_iron":31,"minecraft:stick":28,"minecraft:crafting_table":1,"minecraft:cooked_beef":1,"minecraft:andesite":6,"minecraft:anvil":1,"minecraft:leather":4,"minecraft:torch":2,"minecraft:oak_log":110,"minecraft:diorite":15,"minecraft:yellow_bed":1,"minecraft:dirt":17,"man:cassette_1safetyinstructions":1,"artifacts:plastic_drinking_hat":1,"minecraft:rotten_flesh":1,"minecraft:apple":7,"minecraft:wheat_seeds":1,"minecraft:beef":5,"minecraft:stone_pickaxe":1,"scalinghealth:cursed_heart":1,"minecraft:oak_sapling":47,"minecraft:coal":53,"minecraft:cobblestone":110},"minecraft:dropped":{"minecraft:oak_log":32,"scalinghealth:cursed_heart":1,"minecraft:wooden_axe":2,"man:cassette_1safetyinstructions":1,"minecraft:stone_pickaxe":1},"minecraft:broken":{"minecraft:stone_pickaxe":1,"minecraft:wooden_axe":1,"minecraft:wooden_pickaxe":1},"minecraft:used":{"minecraft:oak_log":3,"minecraft:wooden_axe":120,"minecraft:diorite":8,"minecraft:apple":7,"minecraft:stone_pickaxe":161,"minecraft:oak_planks":15,"minecraft:wooden_pickaxe":59,"minecraft:rotten_flesh":1,"minecraft:stone_axe":9,"minecraft:torch":20,"minecraft:dirt":14,"minecraft:cobblestone":1,"minecraft:crafting_table":2,"minecraft:furnace":1,"minecraft:andesite":6,"minecraft:cooked_beef":3}},"DataVersion":3465}