{"stats":{"minecraft:mined":{"minecraft:crafting_table":1,"gravestone:gravestone":1,"minecraft:grass_block":10,"minecraft:oak_planks":2,"minecraft:diorite":16,"minecraft:wall_torch":4,"minecraft:iron_ore":38,"minecraft:fire":1,"minecraft:andesite":6,"minecraft:anvil":1,"minecraft:yellow_bed":1,"minecraft:grass":10,"minecraft:coal_ore":45,"minecraft:oak_log":111,"minecraft:dirt":6,"minecraft:stone":121,"minecraft:oak_leaves":8},"minecraft:crafted":{"minecraft:cooked_beef":2,"minecraft:oak_planks":44,"minecraft:cooked_porkchop":3,"minecraft:crafting_table":2,"minecraft:wooden_pickaxe":1,"minecraft:furnace":1,"minecraft:stone_axe":1,"minecraft:air":0,"minecraft:stick":16,"minecraft:stone_pickaxe":2,"minecraft:wooden_axe":3,"minecraft:torch":36},"minecraft:custom":{"minecraft:interact_with_furnace":14,"minecraft:mob_kills":10,"minecraft:interact_with_crafting_table":6,"minecraft:leave_game":3,"minecraft:time_since_death":11510,"minecraft:sleep_in_bed":1,"minecraft:time_since_rest":8824,"minecraft:sprint_one_cm":103663,"minecraft:damage_taken":969,"minecraft:walk_one_cm":94348,"minecraft:drop":8,"minecraft:damage_dealt":1716,"minecraft:swim_one_cm":8207,"minecraft:fly_one_cm":100069,"minecraft:open_chest":3,"minecraft:crouch_one_cm":29986,"minecraft:play_time":56210,"minecraft:deaths":1,"minecraft:sneak_time":10093,"minecraft:walk_under_water_one_cm":6571,"minecraft:jump":775,"minecraft:walk_on_water_one_cm":3142,"minecraft:total_world_time":56210,"minecraft:fall_one_cm":17764},"minecraft:killed":{"minecraft:pig":2,"minecraft:spider":1,"minecraft:sheep":1,"minecraft:zombie":2,"minecraft:cow":4},"minecraft:killed_by":{"minecraft:skeleton":1},"minecraft:picked_up":{"minecraft:crafting_table":1,"minecraft:cooked_beef":1,"minecraft:anvil":1,"minecraft:andesite":6,"minecraft:leather":4,"minecraft:oak_log":110,"gravestone:obituary":1,"minecraft:yellow_bed":1,"minecraft:dirt":17,"man:cassette_1safetyinstructions":1,"minecraft:apple":7,"minecraft:wheat_seeds":1,"minecraft:beef":5,"minecraft:stone_pickaxe":1,"minecraft:oak_planks":2,"minecraft:stick":28,"minecraft:raw_iron":37,"minecraft:torch":3,"minecraft:porkchop":5,"minecraft:diorite":15,"artifacts:plastic_drinking_hat":1,"minecraft:rotten_flesh":1,"scalinghealth:cursed_heart":1,"minecraft:oak_sapling":47,"minecraft:mutton":1,"minecraft:coal":53,"minecraft:white_wool":1,"minecraft:cobblestone":113},"minecraft:dropped":{"minecraft:oak_log":32,"scalinghealth:cursed_heart":1,"minecraft:cooked_porkchop":1,"man:cassette_1safetyinstructions":1,"minecraft:wooden_axe":2,"gravestone:obituary":1,"minecraft:stone_pickaxe":1},"minecraft:broken":{"minecraft:stone_pickaxe":1,"minecraft:wooden_axe":1,"minecraft:wooden_pickaxe":1},"minecraft:used":{"minecraft:diorite":8,"minecraft:stone_pickaxe":170,"minecraft:oak_planks":15,"minecraft:wooden_pickaxe":59,"minecraft:rotten_flesh":1,"minecraft:torch":24,"minecraft:dirt":14,"minecraft:crafting_table":2,"minecraft:oak_log":3,"minecraft:wooden_axe":120,"minecraft:apple":7,"minecraft:stone_axe":17,"minecraft:cobblestone":9,"minecraft:furnace":1,"minecraft:cooked_porkchop":1,"minecraft:andesite":6,"minecraft:yellow_bed":1,"minecraft:cooked_beef":3}},"DataVersion":3465}