{"stats":{"minecraft:mined":{"minecraft:iron_ore":2,"minecraft:crafting_table":1,"minecraft:grass":10,"minecraft:oak_log":111,"minecraft:grass_block":10,"minecraft:coal_ore":15,"minecraft:dirt":6,"minecraft:stone":99,"minecraft:wall_torch":1,"minecraft:diorite":15,"minecraft:oak_leaves":8},"minecraft:crafted":{"minecraft:cooked_beef":2,"minecraft:oak_planks":44,"minecraft:crafting_table":2,"minecraft:stick":16,"minecraft:wooden_pickaxe":1,"minecraft:stone_pickaxe":1,"minecraft:wooden_axe":3,"minecraft:furnace":1,"minecraft:torch":36,"minecraft:stone_axe":1,"minecraft:air":0},"minecraft:custom":{"minecraft:time_since_rest":32210,"minecraft:interact_with_furnace":10,"minecraft:sprint_one_cm":63585,"minecraft:damage_taken":345,"minecraft:walk_one_cm":51022,"minecraft:mob_kills":4,"minecraft:drop":6,"minecraft:damage_dealt":404,"minecraft:interact_with_crafting_table":5,"minecraft:fly_one_cm":29728,"minecraft:crouch_one_cm":17475,"minecraft:play_time":32210,"minecraft:sneak_time":5206,"minecraft:jump":310,"minecraft:leave_game":3,"minecraft:time_since_death":32210,"minecraft:total_world_time":32210,"minecraft:fall_one_cm":8467},"minecraft:killed":{"minecraft:cow":4},"minecraft:picked_up":{"minecraft:raw_iron":1,"minecraft:stick":28,"minecraft:crafting_table":1,"minecraft:cooked_beef":1,"minecraft:leather":4,"minecraft:oak_log":110,"minecraft:diorite":15,"minecraft:dirt":17,"man:cassette_1safetyinstructions":1,"minecraft:apple":7,"minecraft:wheat_seeds":1,"minecraft:beef":5,"minecraft:stone_pickaxe":1,"scalinghealth:cursed_heart":1,"minecraft:oak_sapling":47,"minecraft:coal":24,"minecraft:cobblestone":95},"minecraft:dropped":{"minecraft:oak_log":32,"scalinghealth:cursed_heart":1,"minecraft:wooden_axe":2,"man:cassette_1safetyinstructions":1,"minecraft:stone_pickaxe":1},"minecraft:broken":{"minecraft:wooden_axe":1,"minecraft:wooden_pickaxe":1},"minecraft:used":{"minecraft:oak_log":3,"minecraft:wooden_axe":120,"minecraft:apple":3,"minecraft:stone_pickaxe":72,"minecraft:oak_planks":2,"minecraft:wooden_pickaxe":59,"minecraft:torch":4,"minecraft:dirt":14,"minecraft:crafting_table":2,"minecraft:furnace":1,"minecraft:cooked_beef":3}},"DataVersion":3465}