{"stats":{"minecraft:mined":{"minecraft:crafting_table":1,"minecraft:torch":1,"gravestone:gravestone":1,"biomesoplenty:bush":1,"minecraft:grass_block":10,"minecraft:composter":3,"minecraft:oak_planks":2,"minecraft:diorite":16,"minecraft:wall_torch":5,"minecraft:carrots":1,"minecraft:iron_ore":38,"minecraft:fire":1,"minecraft:andesite":6,"minecraft:anvil":1,"minecraft:yellow_bed":1,"minecraft:peony":1,"minecraft:grass":15,"minecraft:coal_ore":45,"minecraft:oak_log":111,"minecraft:water_cauldron":3,"croptopia:blackberry_crop":1,"minecraft:dirt":6,"minecraft:stone":121,"minecraft:oak_leaves":8},"minecraft:crafted":{"minecraft:cooked_beef":2,"minecraft:oak_planks":44,"minecraft:cooked_porkchop":3,"minecraft:crafting_table":2,"minecraft:wooden_pickaxe":1,"minecraft:furnace":1,"minecraft:stone_axe":1,"minecraft:air":0,"minecraft:stick":16,"minecraft:stone_pickaxe":2,"minecraft:wooden_axe":3,"minecraft:torch":36},"minecraft:custom":{"minecraft:interact_with_furnace":14,"minecraft:mob_kills":19,"minecraft:interact_with_crafting_table":6,"minecraft:interact_with_stonecutter":1,"minecraft:leave_game":3,"minecraft:time_since_death":23510,"minecraft:sleep_in_bed":1,"minecraft:time_since_rest":20824,"minecraft:sprint_one_cm":143314,"minecraft:damage_taken":969,"minecraft:walk_one_cm":113278,"minecraft:drop":9,"minecraft:damage_dealt":2711,"minecraft:talked_to_villager":3,"minecraft:swim_one_cm":15940,"minecraft:fly_one_cm":165166,"minecraft:open_chest":4,"minecraft:crouch_one_cm":31156,"minecraft:play_time":68210,"minecraft:deaths":1,"minecraft:sneak_time":10486,"minecraft:walk_under_water_one_cm":6972,"minecraft:jump":1009,"minecraft:walk_on_water_one_cm":4458,"minecraft:total_world_time":68210,"minecraft:fall_one_cm":24150},"minecraft:killed":{"minecraft:pig":6,"minecraft:spider":1,"minecraft:sheep":2,"minecraft:zombie":2,"minecraft:cow":8},"minecraft:killed_by":{"minecraft:skeleton":1},"minecraft:picked_up":{"minecraft:crafting_table":1,"minecraft:cooked_beef":1,"minecraft:anvil":1,"croptopia:grape_seed":2,"minecraft:andesite":6,"minecraft:leather":7,"minecraft:oak_log":110,"gravestone:obituary":1,"minecraft:yellow_bed":1,"minecraft:dirt":17,"man:cassette_1safetyinstructions":1,"minecraft:apple":7,"minecraft:wheat_seeds":1,"minecraft:beef":16,"minecraft:stone_pickaxe":1,"scalinghealth:power_crystal_shard":14,"minecraft:oak_planks":2,"minecraft:stick":28,"minecraft:raw_iron":37,"minecraft:cooked_porkchop":2,"minecraft:composter":3,"minecraft:torch":5,"minecraft:porkchop":14,"minecraft:diorite":15,"minecraft:cauldron":3,"easy_villagers:villager":1,"artifacts:plastic_drinking_hat":1,"minecraft:rotten_flesh":1,"scalinghealth:cursed_heart":1,"minecraft:oak_sapling":47,"minecraft:mutton":4,"minecraft:coal":53,"minecraft:white_wool":2,"minecraft:cobblestone":113},"minecraft:dropped":{"minecraft:oak_log":32,"scalinghealth:cursed_heart":1,"minecraft:cooked_porkchop":1,"man:cassette_1safetyinstructions":1,"scalinghealth:power_crystal_shard":7,"minecraft:wooden_axe":2,"gravestone:obituary":1,"minecraft:stone_pickaxe":1},"minecraft:broken":{"minecraft:stone_pickaxe":1,"minecraft:wooden_axe":1,"minecraft:wooden_pickaxe":1},"minecraft:used":{"minecraft:diorite":8,"minecraft:stone_pickaxe":173,"minecraft:oak_planks":15,"minecraft:wooden_pickaxe":59,"minecraft:rotten_flesh":1,"minecraft:iron_chestplate":1,"minecraft:torch":27,"minecraft:dirt":14,"minecraft:crafting_table":2,"minecraft:oak_log":3,"minecraft:wooden_axe":120,"minecraft:apple":7,"minecraft:stone_axe":27,"minecraft:cobblestone":9,"minecraft:furnace":1,"minecraft:cooked_porkchop":2,"minecraft:andesite":6,"minecraft:yellow_bed":1,"minecraft:cooked_beef":3}},"DataVersion":3465}