{"stats":{"minecraft:mined":{"iceandfire:silver_ore":5,"croptopia:grape_crop":1,"minecraft:smoker":2,"minecraft:crafting_table":1,"minecraft:torch":7,"minecraft:calcite":1,"croptopia:garlic_crop":1,"minecraft:grass_block":2,"minecraft:cobblestone":2,"minecraft:diorite":2,"minecraft:wall_torch":3,"minecraft:big_dripleaf":1,"minecraft:hay_block":28,"minecraft:furnace":2,"minecraft:iron_ore":10,"minecraft:andesite":11,"croptopia:vanilla_crop":1,"minecraft:grass":10,"minecraft:coal_ore":29,"croptopia:rhubarb_crop":1,"minecraft:oak_log":4,"biomesoplenty:webbing":2,"minecraft:cobweb":1,"minecraft:stone":112,"minecraft:oak_leaves":1,"minecraft:fern":6},"minecraft:crafted":{"minecraft:cooked_beef":2,"minecraft:wooden_sword":1,"minecraft:oak_planks":40,"minecraft:cooked_porkchop":2,"minecraft:crafting_table":3,"minecraft:wooden_pickaxe":1,"minecraft:stone_axe":1,"minecraft:air":0,"minecraft:stick":20,"minecraft:stone_pickaxe":2,"minecraft:wooden_axe":1,"minecraft:stone_sword":1,"minecraft:chest":1,"minecraft:torch":20},"minecraft:custom":{"minecraft:interact_with_furnace":11,"minecraft:mob_kills":12,"minecraft:interact_with_crafting_table":15,"minecraft:open_barrel":1,"minecraft:leave_game":1,"minecraft:time_since_death":18432,"minecraft:sleep_in_bed":1,"minecraft:time_since_rest":18470,"minecraft:sprint_one_cm":58755,"minecraft:damage_taken":973,"minecraft:walk_one_cm":138379,"minecraft:drop":26,"minecraft:damage_dealt":1751,"minecraft:swim_one_cm":4350,"minecraft:fly_one_cm":65482,"minecraft:open_chest":10,"minecraft:crouch_one_cm":4919,"minecraft:play_time":68770,"minecraft:deaths":1,"minecraft:sneak_time":1326,"minecraft:walk_under_water_one_cm":1034,"minecraft:jump":694,"minecraft:walk_on_water_one_cm":4222,"minecraft:interact_with_smoker":4,"minecraft:total_world_time":68770,"minecraft:fall_one_cm":13991},"minecraft:killed":{"minecraft:pig":1,"minecraft:spider":2,"minecraft:sheep":3,"minecraft:zombie":2,"minecraft:chicken":2,"artifacts:mimic":1,"minecraft:cow":1},"minecraft:killed_by":{"sanitydim:rotting_stalker":1},"minecraft:picked_up":{"minecraft:crafting_table":1,"minecraft:feather":2,"minecraft:cooked_beef":1,"minecraft:chicken":2,"croptopia:grape_seed":2,"minecraft:andesite":11,"minecraft:leather":2,"minecraft:smoker":2,"minecraft:oak_log":35,"minecraft:string":3,"minecraft:dirt":1,"croptopia:garlic":1,"minecraft:wheat_seeds":7,"minecraft:iron_ingot":10,"minecraft:beef":2,"minecraft:calcite":1,"minecraft:light_gray_wool":1,"minecraft:furnace":2,"minecraft:raw_iron":10,"minecraft:cooked_porkchop":1,"minecraft:big_dripleaf":1,"minecraft:torch":12,"croptopia:blackberry_seed":1,"croptopia:blackberry":1,"croptopia:rhubarb_seed":1,"minecraft:porkchop":2,"croptopia:vanilla":1,"minecraft:diorite":2,"croptopia:grape":1,"easy_villagers:villager":1,"minecraft:spider_eye":1,"minecraft:hay_block":28,"croptopia:rhubarb":1,"croptopia:vanilla_seeds":3,"scalinghealth:cursed_heart":1,"minecraft:white_wool":2,"minecraft:mutton":4,"croptopia:garlic_seed":1,"minecraft:coal":69,"iceandfire:raw_silver":5,"minecraft:cobblestone":121},"minecraft:dropped":{"croptopia:garlic_seed":1,"minecraft:wheat_seeds":7,"croptopia:vanilla_seeds":3,"minecraft:cooked_beef":1,"minecraft:cooked_porkchop":2,"croptopia:blackberry_seed":1,"minecraft:feather":1,"croptopia:rhubarb_seed":1,"croptopia:rhubarb":1,"minecraft:coal":9,"croptopia:grape_seed":2,"easy_villagers:villager":2,"gravestone:obituary":1,"croptopia:vanilla":1,"croptopia:garlic":1},"minecraft:broken":{"minecraft:stone_pickaxe":1},"minecraft:used":{"minecraft:calcite":1,"croptopia:grape":1,"minecraft:diorite":2,"minecraft:stone_sword":27,"minecraft:stone_pickaxe":167,"minecraft:chest":1,"minecraft:wooden_pickaxe":13,"minecraft:torch":32,"minecraft:dirt":1,"minecraft:crafting_table":3,"scalinghealth:cursed_heart":1,"minecraft:smoker":1,"minecraft:big_dripleaf":1,"minecraft:wooden_axe":2,"minecraft:chicken":1,"minecraft:stone_axe":8,"minecraft:wooden_sword":10,"minecraft:cobblestone":19,"minecraft:beef":2,"minecraft:furnace":1,"croptopia:blackberry":1,"minecraft:andesite":11,"minecraft:cooked_beef":2}},"DataVersion":3465}