{"stats":{"minecraft:mined":{"iceandfire:silver_ore":5,"minecraft:smoker":1,"minecraft:torch":7,"croptopia:garlic_crop":1,"minecraft:grass_block":2,"minecraft:cobblestone":2,"minecraft:diorite":2,"minecraft:wall_torch":3,"minecraft:big_dripleaf":1,"minecraft:furnace":1,"minecraft:iron_ore":10,"minecraft:andesite":11,"croptopia:vanilla_crop":1,"minecraft:grass":8,"minecraft:coal_ore":29,"croptopia:rhubarb_crop":1,"minecraft:oak_log":4,"biomesoplenty:webbing":2,"minecraft:cobweb":1,"minecraft:stone":112,"minecraft:oak_leaves":1,"minecraft:fern":6},"minecraft:crafted":{"minecraft:cooked_beef":2,"minecraft:wooden_sword":1,"minecraft:oak_planks":40,"minecraft:crafting_table":3,"minecraft:wooden_pickaxe":1,"minecraft:stone_axe":1,"minecraft:stick":20,"minecraft:stone_pickaxe":2,"minecraft:wooden_axe":1,"minecraft:stone_sword":1,"minecraft:chest":1,"minecraft:torch":20},"minecraft:custom":{"minecraft:interact_with_furnace":11,"minecraft:mob_kills":7,"minecraft:interact_with_crafting_table":15,"minecraft:open_barrel":1,"minecraft:leave_game":1,"minecraft:time_since_death":6432,"minecraft:sleep_in_bed":1,"minecraft:time_since_rest":6470,"minecraft:sprint_one_cm":38715,"minecraft:damage_taken":973,"minecraft:walk_one_cm":124817,"minecraft:drop":18,"minecraft:damage_dealt":1327,"minecraft:swim_one_cm":1785,"minecraft:fly_one_cm":40667,"minecraft:open_chest":9,"minecraft:crouch_one_cm":4828,"minecraft:play_time":56770,"minecraft:deaths":1,"minecraft:sneak_time":1280,"minecraft:walk_under_water_one_cm":823,"minecraft:jump":591,"minecraft:walk_on_water_one_cm":4027,"minecraft:interact_with_smoker":4,"minecraft:total_world_time":56770,"minecraft:fall_one_cm":10796},"minecraft:killed":{"minecraft:spider":2,"minecraft:zombie":2,"minecraft:chicken":1,"artifacts:mimic":1,"minecraft:cow":1},"minecraft:killed_by":{"sanitydim:rotting_stalker":1},"minecraft:picked_up":{"minecraft:feather":1,"minecraft:cooked_beef":1,"minecraft:chicken":1,"minecraft:andesite":11,"minecraft:leather":2,"minecraft:smoker":1,"minecraft:oak_log":35,"minecraft:string":3,"minecraft:dirt":1,"croptopia:garlic":1,"minecraft:wheat_seeds":6,"minecraft:beef":2,"minecraft:furnace":1,"minecraft:raw_iron":10,"minecraft:cooked_porkchop":1,"minecraft:big_dripleaf":1,"minecraft:torch":12,"croptopia:rhubarb_seed":1,"croptopia:vanilla":1,"minecraft:diorite":2,"minecraft:spider_eye":1,"croptopia:rhubarb":1,"croptopia:vanilla_seeds":3,"scalinghealth:cursed_heart":1,"croptopia:garlic_seed":1,"minecraft:coal":43,"iceandfire:raw_silver":5,"minecraft:cobblestone":121},"minecraft:dropped":{"croptopia:garlic_seed":1,"minecraft:wheat_seeds":6,"croptopia:vanilla_seeds":3,"minecraft:cooked_beef":1,"minecraft:feather":1,"croptopia:rhubarb_seed":1,"croptopia:rhubarb":1,"minecraft:coal":9,"gravestone:obituary":1,"croptopia:vanilla":1,"croptopia:garlic":1},"minecraft:broken":{"minecraft:stone_pickaxe":1},"minecraft:used":{"minecraft:diorite":2,"minecraft:stone_sword":24,"minecraft:stone_pickaxe":164,"minecraft:chest":1,"minecraft:wooden_pickaxe":13,"minecraft:torch":32,"minecraft:dirt":1,"minecraft:crafting_table":3,"scalinghealth:cursed_heart":1,"minecraft:smoker":1,"minecraft:big_dripleaf":1,"minecraft:wooden_axe":2,"minecraft:chicken":1,"minecraft:wooden_sword":10,"minecraft:cobblestone":19,"minecraft:beef":2,"minecraft:furnace":1,"minecraft:andesite":11,"minecraft:cooked_beef":2}},"DataVersion":3465}