{"stats":{"minecraft:mined":{"iceandfire:silver_ore":5,"minecraft:smoker":1,"minecraft:torch":6,"croptopia:garlic_crop":1,"minecraft:grass_block":2,"minecraft:cobblestone":1,"minecraft:diorite":2,"minecraft:wall_torch":2,"minecraft:big_dripleaf":1,"minecraft:furnace":1,"minecraft:iron_ore":9,"minecraft:andesite":11,"croptopia:vanilla_crop":1,"minecraft:grass":8,"minecraft:coal_ore":29,"croptopia:rhubarb_crop":1,"minecraft:oak_log":4,"biomesoplenty:webbing":2,"minecraft:cobweb":1,"minecraft:stone":96,"minecraft:oak_leaves":1,"minecraft:fern":6},"minecraft:crafted":{"minecraft:cooked_beef":2,"minecraft:wooden_sword":1,"minecraft:oak_planks":32,"minecraft:crafting_table":3,"minecraft:wooden_pickaxe":1,"minecraft:stone_axe":1,"minecraft:stick":20,"minecraft:stone_pickaxe":2,"minecraft:wooden_axe":1,"minecraft:stone_sword":1,"minecraft:torch":20},"minecraft:custom":{"minecraft:interact_with_furnace":5,"minecraft:mob_kills":7,"minecraft:interact_with_crafting_table":14,"minecraft:open_barrel":1,"minecraft:leave_game":1,"minecraft:time_since_death":44770,"minecraft:time_since_rest":44770,"minecraft:sprint_one_cm":34487,"minecraft:damage_taken":685,"minecraft:walk_one_cm":91734,"minecraft:drop":17,"minecraft:damage_dealt":1195,"minecraft:fly_one_cm":35082,"minecraft:crouch_one_cm":4020,"minecraft:play_time":44770,"minecraft:sneak_time":1124,"minecraft:jump":396,"minecraft:walk_on_water_one_cm":437,"minecraft:interact_with_smoker":1,"minecraft:total_world_time":44770,"minecraft:fall_one_cm":9285},"minecraft:killed":{"minecraft:spider":2,"minecraft:zombie":2,"minecraft:chicken":1,"artifacts:mimic":1,"minecraft:cow":1},"minecraft:picked_up":{"minecraft:feather":1,"minecraft:cooked_beef":1,"minecraft:chicken":1,"minecraft:andesite":11,"minecraft:leather":2,"minecraft:smoker":1,"minecraft:oak_log":35,"minecraft:string":3,"minecraft:dirt":1,"croptopia:garlic":1,"minecraft:wheat_seeds":6,"minecraft:beef":2,"minecraft:furnace":1,"minecraft:raw_iron":10,"minecraft:big_dripleaf":1,"minecraft:torch":10,"croptopia:rhubarb_seed":1,"croptopia:vanilla":1,"minecraft:diorite":2,"minecraft:spider_eye":1,"croptopia:rhubarb":1,"croptopia:vanilla_seeds":3,"scalinghealth:cursed_heart":1,"croptopia:garlic_seed":1,"minecraft:coal":43,"iceandfire:raw_silver":5,"minecraft:cobblestone":101},"minecraft:dropped":{"croptopia:garlic_seed":1,"minecraft:wheat_seeds":6,"croptopia:vanilla_seeds":3,"minecraft:cooked_beef":1,"minecraft:feather":1,"croptopia:rhubarb_seed":1,"croptopia:rhubarb":1,"minecraft:coal":9,"croptopia:vanilla":1,"croptopia:garlic":1},"minecraft:broken":{"minecraft:stone_pickaxe":1},"minecraft:used":{"minecraft:diorite":2,"minecraft:stone_sword":20,"minecraft:stone_pickaxe":145,"minecraft:wooden_pickaxe":13,"minecraft:torch":23,"minecraft:dirt":1,"minecraft:crafting_table":3,"scalinghealth:cursed_heart":1,"minecraft:big_dripleaf":1,"minecraft:wooden_axe":2,"minecraft:chicken":1,"minecraft:wooden_sword":10,"minecraft:cobblestone":13,"minecraft:beef":2,"minecraft:furnace":1,"minecraft:andesite":11,"minecraft:cooked_beef":2}},"DataVersion":3465}