{"stats":{"minecraft:mined":{"minecraft:furnace":1,"minecraft:andesite":11,"croptopia:vanilla_crop":1,"minecraft:torch":3,"minecraft:grass":8,"minecraft:grass_block":2,"croptopia:garlic_crop":1,"minecraft:oak_log":4,"croptopia:rhubarb_crop":1,"minecraft:stone":85,"minecraft:wall_torch":2,"minecraft:diorite":2,"minecraft:oak_leaves":1,"minecraft:fern":6,"minecraft:big_dripleaf":1},"minecraft:crafted":{"minecraft:cooked_beef":2,"minecraft:wooden_sword":1,"minecraft:oak_planks":28,"minecraft:crafting_table":2,"minecraft:stick":12,"minecraft:wooden_pickaxe":1,"minecraft:stone_pickaxe":1,"minecraft:wooden_axe":1,"minecraft:stone_sword":1,"minecraft:torch":8,"minecraft:stone_axe":1},"minecraft:custom":{"minecraft:time_since_rest":32770,"minecraft:interact_with_furnace":5,"minecraft:sprint_one_cm":18875,"minecraft:damage_taken":250,"minecraft:walk_one_cm":61537,"minecraft:mob_kills":4,"minecraft:drop":17,"minecraft:damage_dealt":509,"minecraft:interact_with_crafting_table":10,"minecraft:fly_one_cm":12249,"minecraft:crouch_one_cm":361,"minecraft:play_time":32770,"minecraft:sneak_time":211,"minecraft:jump":223,"minecraft:walk_on_water_one_cm":284,"minecraft:leave_game":1,"minecraft:time_since_death":32770,"minecraft:total_world_time":32770,"minecraft:fall_one_cm":2485},"minecraft:killed":{"minecraft:zombie":1,"minecraft:chicken":1,"minecraft:spider":1,"minecraft:cow":1},"minecraft:picked_up":{"minecraft:cooked_beef":1,"minecraft:feather":1,"minecraft:chicken":1,"minecraft:andesite":11,"minecraft:big_dripleaf":1,"minecraft:leather":2,"minecraft:torch":6,"croptopia:rhubarb_seed":1,"croptopia:vanilla":1,"minecraft:oak_log":35,"minecraft:diorite":2,"minecraft:dirt":1,"croptopia:garlic":1,"minecraft:wheat_seeds":6,"croptopia:rhubarb":1,"minecraft:beef":2,"scalinghealth:cursed_heart":1,"croptopia:vanilla_seeds":3,"minecraft:coal":13,"croptopia:garlic_seed":1,"minecraft:cobblestone":89,"minecraft:furnace":1},"minecraft:dropped":{"croptopia:garlic_seed":1,"minecraft:wheat_seeds":6,"croptopia:vanilla_seeds":3,"minecraft:cooked_beef":1,"minecraft:feather":1,"croptopia:rhubarb_seed":1,"croptopia:vanilla":1,"croptopia:rhubarb":1,"minecraft:coal":9,"croptopia:garlic":1},"minecraft:used":{"minecraft:big_dripleaf":1,"minecraft:wooden_axe":2,"minecraft:chicken":1,"minecraft:stone_pickaxe":86,"minecraft:wooden_pickaxe":13,"minecraft:torch":13,"minecraft:wooden_sword":10,"minecraft:dirt":1,"minecraft:cobblestone":2,"minecraft:beef":2,"minecraft:crafting_table":2,"minecraft:furnace":1,"scalinghealth:cursed_heart":1,"minecraft:cooked_beef":1}},"DataVersion":3465}