{"stats":{"minecraft:picked_up":{"minecraft:feather":1,"minecraft:chicken":1,"minecraft:big_dripleaf":1,"minecraft:leather":2,"croptopia:rhubarb_seed":1,"croptopia:vanilla":1,"minecraft:oak_log":35,"croptopia:garlic":1,"minecraft:wheat_seeds":6,"croptopia:rhubarb":1,"minecraft:beef":2,"croptopia:vanilla_seeds":3,"croptopia:garlic_seed":1},"minecraft:custom":{"minecraft:time_since_rest":5625,"minecraft:interact_with_furnace":1,"minecraft:sprint_one_cm":16963,"minecraft:damage_taken":130,"minecraft:walk_one_cm":16292,"minecraft:mob_kills":2,"minecraft:drop":3,"minecraft:damage_dealt":152,"minecraft:interact_with_crafting_table":3,"minecraft:fly_one_cm":9496,"minecraft:play_time":5625,"minecraft:sneak_time":55,"minecraft:jump":75,"minecraft:time_since_death":5625,"minecraft:total_world_time":5625,"minecraft:fall_one_cm":1798},"minecraft:killed":{"minecraft:chicken":1,"minecraft:cow":1},"minecraft:crafted":{"minecraft:wooden_sword":1,"minecraft:oak_planks":16,"minecraft:crafting_table":1,"minecraft:stick":8,"minecraft:wooden_axe":1,"minecraft:torch":4},"minecraft:mined":{"croptopia:vanilla_crop":1,"minecraft:grass":8,"croptopia:garlic_crop":1,"minecraft:grass_block":1,"croptopia:rhubarb_crop":1,"minecraft:oak_log":4,"minecraft:fern":6,"minecraft:big_dripleaf":1},"minecraft:used":{"minecraft:big_dripleaf":1,"minecraft:wooden_axe":2,"minecraft:chicken":1,"minecraft:torch":1,"minecraft:beef":2,"minecraft:crafting_table":1},"minecraft:dropped":{"minecraft:wheat_seeds":3}},"DataVersion":3465}